market,matchup,side,player,line,expected,model_prob_over
pitcher_ks,TOR@MIN,AWAY,Trey Yesavage,4.5,1.84,0.0393
pitcher_ks,TOR@MIN,AWAY,Trey Yesavage,5.5,1.84,0.0114
pitcher_ks,TOR@MIN,AWAY,Trey Yesavage,6.5,1.84,0.0029
pitcher_ks,TOR@MIN,AWAY,Trey Yesavage,7.5,1.84,0.0006
pitcher_ks,TOR@MIN,HOME,Joe Ryan,4.5,3.01,0.1869
pitcher_ks,TOR@MIN,HOME,Joe Ryan,5.5,3.01,0.0852
pitcher_ks,TOR@MIN,HOME,Joe Ryan,6.5,3.01,0.0341
pitcher_ks,TOR@MIN,HOME,Joe Ryan,7.5,3.01,0.0122
pitcher_ks,HOU@BOS,AWAY,Cody Bolton,4.5,3.52,0.2787
pitcher_ks,HOU@BOS,AWAY,Cody Bolton,5.5,3.52,0.1453
pitcher_ks,HOU@BOS,AWAY,Cody Bolton,6.5,3.52,0.067
pitcher_ks,HOU@BOS,AWAY,Cody Bolton,7.5,3.52,0.0276
pitcher_ks,HOU@BOS,HOME,Ranger Suarez,4.5,2.68,0.1347
pitcher_ks,HOU@BOS,HOME,Ranger Suarez,5.5,2.68,0.0554
pitcher_ks,HOU@BOS,HOME,Ranger Suarez,6.5,2.68,0.02
pitcher_ks,HOU@BOS,HOME,Ranger Suarez,7.5,2.68,0.0064
pitcher_ks,CIN@PIT,AWAY,Chase Burns,4.5,3.56,0.2866
pitcher_ks,CIN@PIT,AWAY,Chase Burns,5.5,3.56,0.1509
pitcher_ks,CIN@PIT,AWAY,Chase Burns,6.5,3.56,0.0703
pitcher_ks,CIN@PIT,AWAY,Chase Burns,7.5,3.56,0.0293
pitcher_ks,CIN@PIT,HOME,Braxton Ashcraft,4.5,3.58,0.2894
pitcher_ks,CIN@PIT,HOME,Braxton Ashcraft,5.5,3.58,0.1529
pitcher_ks,CIN@PIT,HOME,Braxton Ashcraft,6.5,3.58,0.0715
pitcher_ks,CIN@PIT,HOME,Braxton Ashcraft,7.5,3.58,0.0299
pitcher_ks,BAL@NYY,HOME,Max Fried,4.5,3.03,0.1899
pitcher_ks,BAL@NYY,HOME,Max Fried,5.5,3.03,0.0871
pitcher_ks,BAL@NYY,HOME,Max Fried,6.5,3.03,0.0351
pitcher_ks,BAL@NYY,HOME,Max Fried,7.5,3.03,0.0126
pitcher_ks,MIL@WSH,AWAY,Logan Henderson,4.5,2.92,0.171
pitcher_ks,MIL@WSH,AWAY,Logan Henderson,5.5,2.92,0.0758
pitcher_ks,MIL@WSH,AWAY,Logan Henderson,6.5,2.92,0.0295
pitcher_ks,MIL@WSH,AWAY,Logan Henderson,7.5,2.92,0.0102
pitcher_ks,MIL@WSH,HOME,PJ Poulin,4.5,1.43,0.0156
pitcher_ks,MIL@WSH,HOME,PJ Poulin,5.5,1.43,0.0036
pitcher_ks,MIL@WSH,HOME,PJ Poulin,6.5,1.43,0.0007
pitcher_ks,MIL@WSH,HOME,PJ Poulin,7.5,1.43,0.0001
pitcher_ks,SF@TB,AWAY,Tyler Mahle,4.5,2.65,0.1293
pitcher_ks,SF@TB,AWAY,Tyler Mahle,5.5,2.65,0.0526
pitcher_ks,SF@TB,AWAY,Tyler Mahle,6.5,2.65,0.0187
pitcher_ks,SF@TB,AWAY,Tyler Mahle,7.5,2.65,0.0059
pitcher_ks,SF@TB,HOME,Steven Matz,4.5,2.52,0.1115
pitcher_ks,SF@TB,HOME,Steven Matz,5.5,2.52,0.0433
pitcher_ks,SF@TB,HOME,Steven Matz,6.5,2.52,0.0147
pitcher_ks,SF@TB,HOME,Steven Matz,7.5,2.52,0.0044
pitcher_ks,PHI@MIA,AWAY,Jesús Luzardo,4.5,3.71,0.3148
pitcher_ks,PHI@MIA,AWAY,Jesús Luzardo,5.5,3.71,0.1714
pitcher_ks,PHI@MIA,AWAY,Jesús Luzardo,6.5,3.71,0.0827
pitcher_ks,PHI@MIA,AWAY,Jesús Luzardo,7.5,3.71,0.0357
pitcher_ks,PHI@MIA,HOME,Chris Paddack,4.5,2.88,0.1656
pitcher_ks,PHI@MIA,HOME,Chris Paddack,5.5,2.88,0.0727
pitcher_ks,PHI@MIA,HOME,Chris Paddack,6.5,2.88,0.028
pitcher_ks,PHI@MIA,HOME,Chris Paddack,7.5,2.88,0.0096
pitcher_ks,LAD@STL,AWAY,Justin Wrobleski,4.5,2.26,0.0793
pitcher_ks,LAD@STL,AWAY,Justin Wrobleski,5.5,2.26,0.0279
pitcher_ks,LAD@STL,AWAY,Justin Wrobleski,6.5,2.26,0.0086
pitcher_ks,LAD@STL,AWAY,Justin Wrobleski,7.5,2.26,0.0023
pitcher_ks,LAD@STL,HOME,Dustin May,4.5,2.08,0.0604
pitcher_ks,LAD@STL,HOME,Dustin May,5.5,2.08,0.0197
pitcher_ks,LAD@STL,HOME,Dustin May,6.5,2.08,0.0056
pitcher_ks,LAD@STL,HOME,Dustin May,7.5,2.08,0.0014
pitcher_ks,AZ@CHC,AWAY,Merrill Kelly,4.5,1.74,0.0319
pitcher_ks,AZ@CHC,AWAY,Merrill Kelly,5.5,1.74,0.0088
pitcher_ks,AZ@CHC,AWAY,Merrill Kelly,6.5,1.74,0.0021
pitcher_ks,AZ@CHC,AWAY,Merrill Kelly,7.5,1.74,0.0004
pitcher_ks,AZ@CHC,HOME,Matthew Boyd,4.5,3.48,0.2713
pitcher_ks,AZ@CHC,HOME,Matthew Boyd,5.5,3.48,0.1401
pitcher_ks,AZ@CHC,HOME,Matthew Boyd,6.5,3.48,0.064
pitcher_ks,AZ@CHC,HOME,Matthew Boyd,7.5,3.48,0.0261
pitcher_ks,ATL@COL,HOME,Kyle Freeland,4.5,2.36,0.0912
pitcher_ks,ATL@COL,HOME,Kyle Freeland,5.5,2.36,0.0334
pitcher_ks,ATL@COL,HOME,Kyle Freeland,6.5,2.36,0.0107
pitcher_ks,ATL@COL,HOME,Kyle Freeland,7.5,2.36,0.003
pitcher_ks,CLE@ATH,AWAY,Parker Messick,4.5,3.48,0.2714
pitcher_ks,CLE@ATH,AWAY,Parker Messick,5.5,3.48,0.1402
pitcher_ks,CLE@ATH,AWAY,Parker Messick,6.5,3.48,0.064
pitcher_ks,CLE@ATH,AWAY,Parker Messick,7.5,3.48,0.0261
pitcher_ks,CLE@ATH,HOME,Aaron Civale,4.5,2.25,0.0779
pitcher_ks,CLE@ATH,HOME,Aaron Civale,5.5,2.25,0.0273
pitcher_ks,CLE@ATH,HOME,Aaron Civale,6.5,2.25,0.0084
pitcher_ks,CLE@ATH,HOME,Aaron Civale,7.5,2.25,0.0023
pitcher_ks,NYM@LAA,AWAY,Clay Holmes,4.5,2.44,0.1011
pitcher_ks,NYM@LAA,AWAY,Clay Holmes,5.5,2.44,0.0382
pitcher_ks,NYM@LAA,AWAY,Clay Holmes,6.5,2.44,0.0126
pitcher_ks,NYM@LAA,AWAY,Clay Holmes,7.5,2.44,0.0037
pitcher_ks,NYM@LAA,HOME,Jack Kochanowicz,4.5,2.29,0.0829
pitcher_ks,NYM@LAA,HOME,Jack Kochanowicz,5.5,2.29,0.0296
pitcher_ks,NYM@LAA,HOME,Jack Kochanowicz,6.5,2.29,0.0092
pitcher_ks,NYM@LAA,HOME,Jack Kochanowicz,7.5,2.29,0.0025
pitcher_ks,KC@SEA,AWAY,Kris Bubic,4.5,3.23,0.2253
pitcher_ks,KC@SEA,AWAY,Kris Bubic,5.5,3.23,0.1092
pitcher_ks,KC@SEA,AWAY,Kris Bubic,6.5,3.23,0.0467
pitcher_ks,KC@SEA,AWAY,Kris Bubic,7.5,3.23,0.0178
pitcher_ks,KC@SEA,HOME,Luis Castillo,4.5,2.42,0.098
pitcher_ks,KC@SEA,HOME,Luis Castillo,5.5,2.42,0.0367
pitcher_ks,KC@SEA,HOME,Luis Castillo,6.5,2.42,0.012
pitcher_ks,KC@SEA,HOME,Luis Castillo,7.5,2.42,0.0035
pitcher_ks,CWS@SD,AWAY,Anthony Kay,4.5,2.2,0.0724
pitcher_ks,CWS@SD,AWAY,Anthony Kay,5.5,2.2,0.0249
pitcher_ks,CWS@SD,AWAY,Anthony Kay,6.5,2.2,0.0074
pitcher_ks,CWS@SD,AWAY,Anthony Kay,7.5,2.2,0.002
pitcher_ks,TEX@DET,AWAY,Jack Leiter,4.5,3.01,0.1866
pitcher_ks,TEX@DET,AWAY,Jack Leiter,5.5,3.01,0.0851
pitcher_ks,TEX@DET,AWAY,Jack Leiter,6.5,3.01,0.0341
pitcher_ks,TEX@DET,AWAY,Jack Leiter,7.5,3.01,0.0122
pitcher_ks,TEX@DET,HOME,Tyler Holton,4.5,2.22,0.0742
pitcher_ks,TEX@DET,HOME,Tyler Holton,5.5,2.22,0.0257
pitcher_ks,TEX@DET,HOME,Tyler Holton,6.5,2.22,0.0077
pitcher_ks,TEX@DET,HOME,Tyler Holton,7.5,2.22,0.0021
batter_hits,TOR@MIN,AWAY,slot 1 (id 682818),0.5,0.872,0.626
batter_hits,TOR@MIN,AWAY,slot 1 (id 682818),1.5,0.872,0.209
batter_hits,TOR@MIN,AWAY,slot 2 (id 672960),0.5,0.836,0.6087
batter_hits,TOR@MIN,AWAY,slot 2 (id 672960),1.5,0.836,0.1949
batter_hits,TOR@MIN,AWAY,slot 3 (id 665489),0.5,1.178,0.7523
batter_hits,TOR@MIN,AWAY,slot 3 (id 665489),1.5,1.178,0.3387
batter_hits,TOR@MIN,AWAY,slot 4 (id 660821),0.5,0.826,0.6034
batter_hits,TOR@MIN,AWAY,slot 4 (id 660821),1.5,0.826,0.1908
batter_hits,TOR@MIN,AWAY,slot 5 (id 672820),0.5,0.915,0.646
batter_hits,TOR@MIN,AWAY,slot 5 (id 672820),1.5,0.915,0.2263
batter_hits,TOR@MIN,AWAY,slot 6 (id 662139),0.5,0.822,0.6016
batter_hits,TOR@MIN,AWAY,slot 6 (id 662139),1.5,0.822,0.1894
batter_hits,TOR@MIN,AWAY,slot 7 (id 676391),0.5,1.061,0.7084
batter_hits,TOR@MIN,AWAY,slot 7 (id 676391),1.5,1.061,0.2875
batter_hits,TOR@MIN,AWAY,slot 8 (id 665926),0.5,0.8,0.597
batter_hits,TOR@MIN,AWAY,slot 8 (id 665926),1.5,0.8,0.1788
batter_hits,TOR@MIN,AWAY,slot 9 (id 623168),0.5,0.585,0.4731
batter_hits,TOR@MIN,AWAY,slot 9 (id 623168),1.5,0.585,0.1026
batter_hits,TOR@MIN,HOME,slot 1 (id 621439),0.5,0.849,0.6149
batter_hits,TOR@MIN,HOME,slot 1 (id 621439),1.5,0.849,0.1999
batter_hits,TOR@MIN,HOME,slot 2 (id 663616),0.5,0.921,0.6488
batter_hits,TOR@MIN,HOME,slot 2 (id 663616),1.5,0.921,0.2288
batter_hits,TOR@MIN,HOME,slot 3 (id 668885),0.5,1.087,0.7189
batter_hits,TOR@MIN,HOME,slot 3 (id 668885),1.5,1.087,0.2991
batter_hits,TOR@MIN,HOME,slot 4 (id 605170),0.5,0.696,0.5342
batter_hits,TOR@MIN,HOME,slot 4 (id 605170),1.5,0.696,0.1421
batter_hits,TOR@MIN,HOME,slot 5 (id 807712),0.5,0.699,0.5361
batter_hits,TOR@MIN,HOME,slot 5 (id 807712),1.5,0.699,0.1433
batter_hits,TOR@MIN,HOME,slot 6 (id 665019),0.5,0.653,0.5098
batter_hits,TOR@MIN,HOME,slot 6 (id 665019),1.5,0.653,0.1272
batter_hits,TOR@MIN,HOME,slot 7 (id 668904),0.5,0.607,0.4825
batter_hits,TOR@MIN,HOME,slot 7 (id 668904),1.5,0.607,0.1119
batter_hits,TOR@MIN,HOME,slot 8 (id 670242),0.5,0.463,0.3913
batter_hits,TOR@MIN,HOME,slot 8 (id 670242),1.5,0.463,0.0667
batter_hits,TOR@MIN,HOME,slot 9 (id 686797),0.5,0.729,0.5582
batter_hits,TOR@MIN,HOME,slot 9 (id 686797),1.5,0.729,0.1517
batter_hits,HOU@BOS,AWAY,slot 1 (id 621043),0.5,0.952,0.6629
batter_hits,HOU@BOS,AWAY,slot 1 (id 621043),1.5,0.952,0.2417
batter_hits,HOU@BOS,AWAY,slot 2 (id 670541),0.5,1.065,0.71
batter_hits,HOU@BOS,AWAY,slot 2 (id 670541),1.5,1.065,0.2892
batter_hits,HOU@BOS,AWAY,slot 3 (id 670623),0.5,0.849,0.615
batter_hits,HOU@BOS,AWAY,slot 3 (id 670623),1.5,0.849,0.1999
batter_hits,HOU@BOS,AWAY,slot 4 (id 572233),0.5,0.994,0.681
batter_hits,HOU@BOS,AWAY,slot 4 (id 572233),1.5,0.994,0.2591
batter_hits,HOU@BOS,AWAY,slot 5 (id 514888),0.5,0.798,0.5892
batter_hits,HOU@BOS,AWAY,slot 5 (id 514888),1.5,0.798,0.1799
batter_hits,HOU@BOS,AWAY,slot 6 (id 694728),0.5,0.743,0.5604
batter_hits,HOU@BOS,AWAY,slot 6 (id 694728),1.5,0.743,0.1593
batter_hits,HOU@BOS,AWAY,slot 7 (id 701358),0.5,0.682,0.5265
batter_hits,HOU@BOS,AWAY,slot 7 (id 701358),1.5,0.682,0.1373
batter_hits,HOU@BOS,AWAY,slot 8 (id 543877),0.5,0.901,0.647
batter_hits,HOU@BOS,AWAY,slot 8 (id 543877),1.5,0.901,0.2189
batter_hits,HOU@BOS,AWAY,slot 9 (id 687957),0.5,0.67,0.5245
batter_hits,HOU@BOS,AWAY,slot 9 (id 687957),1.5,0.67,0.1307
batter_hits,HOU@BOS,HOME,slot 1 (id 680776),0.5,0.695,0.5341
batter_hits,HOU@BOS,HOME,slot 1 (id 680776),1.5,0.695,0.142
batter_hits,HOU@BOS,HOME,slot 2 (id 575929),0.5,1.039,0.6998
batter_hits,HOU@BOS,HOME,slot 2 (id 575929),1.5,1.039,0.2783
batter_hits,HOU@BOS,HOME,slot 3 (id 701350),0.5,0.921,0.6487
batter_hits,HOU@BOS,HOME,slot 3 (id 701350),1.5,0.921,0.2287
batter_hits,HOU@BOS,HOME,slot 4 (id 677800),0.5,1.209,0.763
batter_hits,HOU@BOS,HOME,slot 4 (id 677800),1.5,1.209,0.3523
batter_hits,HOU@BOS,HOME,slot 5 (id 655316),0.5,0.897,0.6378
batter_hits,HOU@BOS,HOME,slot 5 (id 655316),1.5,0.897,0.2191
batter_hits,HOU@BOS,HOME,slot 6 (id 691785),0.5,0.964,0.6682
batter_hits,HOU@BOS,HOME,slot 6 (id 691785),1.5,0.964,0.2466
batter_hits,HOU@BOS,HOME,slot 7 (id 678882),0.5,1.047,0.703
batter_hits,HOU@BOS,HOME,slot 7 (id 678882),1.5,1.047,0.2817
batter_hits,HOU@BOS,HOME,slot 8 (id 665966),0.5,0.785,0.5888
batter_hits,HOU@BOS,HOME,slot 8 (id 665966),1.5,0.785,0.1728
batter_hits,HOU@BOS,HOME,slot 9 (id 702332),0.5,0.591,0.4767
batter_hits,HOU@BOS,HOME,slot 9 (id 702332),1.5,0.591,0.1044
batter_hits,CIN@PIT,AWAY,slot 1 (id 670770),0.5,0.729,0.5527
batter_hits,CIN@PIT,AWAY,slot 1 (id 670770),1.5,0.729,0.1541
batter_hits,CIN@PIT,AWAY,slot 2 (id 668709),0.5,0.884,0.6317
batter_hits,CIN@PIT,AWAY,slot 2 (id 668709),1.5,0.884,0.2139
batter_hits,CIN@PIT,AWAY,slot 3 (id 682829),0.5,0.999,0.6834
batter_hits,CIN@PIT,AWAY,slot 3 (id 682829),1.5,0.999,0.2615
batter_hits,CIN@PIT,AWAY,slot 4 (id 701398),0.5,0.938,0.6567
batter_hits,CIN@PIT,AWAY,slot 4 (id 701398),1.5,0.938,0.2359
batter_hits,CIN@PIT,AWAY,slot 5 (id 663993),0.5,1.039,0.6998
batter_hits,CIN@PIT,AWAY,slot 5 (id 663993),1.5,1.039,0.2783
batter_hits,CIN@PIT,AWAY,slot 6 (id 668715),0.5,0.877,0.6283
batter_hits,CIN@PIT,AWAY,slot 6 (id 668715),1.5,0.877,0.211
batter_hits,CIN@PIT,AWAY,slot 7 (id 666181),0.5,0.707,0.5408
batter_hits,CIN@PIT,AWAY,slot 7 (id 666181),1.5,0.707,0.1463
batter_hits,CIN@PIT,AWAY,slot 8 (id 624431),0.5,0.773,0.5828
batter_hits,CIN@PIT,AWAY,slot 8 (id 624431),1.5,0.773,0.1685
batter_hits,CIN@PIT,AWAY,slot 9 (id 680574),0.5,0.631,0.5016
batter_hits,CIN@PIT,AWAY,slot 9 (id 680574),1.5,0.631,0.1176
batter_hits,CIN@PIT,HOME,slot 1 (id 665833),0.5,0.873,0.6264
batter_hits,CIN@PIT,HOME,slot 1 (id 665833),1.5,0.873,0.2093
batter_hits,CIN@PIT,HOME,slot 2 (id 664040),0.5,0.849,0.6149
batter_hits,CIN@PIT,HOME,slot 2 (id 664040),1.5,0.849,0.1999
batter_hits,CIN@PIT,HOME,slot 3 (id 668804),0.5,0.897,0.6376
batter_hits,CIN@PIT,HOME,slot 3 (id 668804),1.5,0.897,0.2189
batter_hits,CIN@PIT,HOME,slot 4 (id 656811),0.5,1.073,0.7133
batter_hits,CIN@PIT,HOME,slot 4 (id 656811),1.5,1.073,0.2929
batter_hits,CIN@PIT,HOME,slot 5 (id 693304),0.5,1.141,0.739
batter_hits,CIN@PIT,HOME,slot 5 (id 693304),1.5,1.141,0.3224
batter_hits,CIN@PIT,HOME,slot 6 (id 542303),0.5,0.628,0.4951
batter_hits,CIN@PIT,HOME,slot 6 (id 542303),1.5,0.628,0.1188
batter_hits,CIN@PIT,HOME,slot 7 (id 687462),0.5,0.849,0.6149
batter_hits,CIN@PIT,HOME,slot 7 (id 687462),1.5,0.849,0.1999
batter_hits,CIN@PIT,HOME,slot 8 (id 804606),0.5,0.773,0.5823
batter_hits,CIN@PIT,HOME,slot 8 (id 804606),1.5,0.773,0.1681
batter_hits,CIN@PIT,HOME,slot 9 (id 663698),0.5,0.579,0.4692
batter_hits,CIN@PIT,HOME,slot 9 (id 663698),1.5,0.579,0.1007
batter_hits,BAL@NYY,AWAY,slot 1 (id 621493),0.5,0.775,0.5777
batter_hits,BAL@NYY,AWAY,slot 1 (id 621493),1.5,0.775,0.1714
batter_hits,BAL@NYY,AWAY,slot 2 (id 668939),0.5,0.823,0.6019
batter_hits,BAL@NYY,AWAY,slot 2 (id 668939),1.5,0.823,0.1896
batter_hits,BAL@NYY,AWAY,slot 3 (id 624413),0.5,0.539,0.4394
batter_hits,BAL@NYY,AWAY,slot 3 (id 624413),1.5,0.539,0.0903
batter_hits,BAL@NYY,AWAY,slot 4 (id 641933),0.5,0.578,0.4645
batter_hits,BAL@NYY,AWAY,slot 4 (id 641933),1.5,0.578,0.1025
batter_hits,BAL@NYY,AWAY,slot 5 (id 691723),0.5,0.421,0.3588
batter_hits,BAL@NYY,AWAY,slot 5 (id 691723),1.5,0.421,0.0574
batter_hits,BAL@NYY,AWAY,slot 6 (id 665750),0.5,0.723,0.5495
batter_hits,BAL@NYY,AWAY,slot 6 (id 665750),1.5,0.723,0.1519
batter_hits,BAL@NYY,AWAY,slot 7 (id 669236),0.5,0.683,0.5274
batter_hits,BAL@NYY,AWAY,slot 7 (id 669236),1.5,0.683,0.1378
batter_hits,BAL@NYY,AWAY,slot 8 (id 642215),0.5,0.564,0.459
batter_hits,BAL@NYY,AWAY,slot 8 (id 642215),1.5,0.564,0.0957
batter_hits,BAL@NYY,AWAY,slot 9 (id 677942),0.5,0.4,0.3462
batter_hits,BAL@NYY,AWAY,slot 9 (id 677942),1.5,0.4,0.0508
batter_hits,BAL@NYY,HOME,slot 1 (id 663757),0.5,0.672,0.5208
batter_hits,BAL@NYY,HOME,slot 1 (id 663757),1.5,0.672,0.1338
batter_hits,BAL@NYY,HOME,slot 2 (id 700250),0.5,1.32,0.7985
batter_hits,BAL@NYY,HOME,slot 2 (id 700250),1.5,1.32,0.4015
batter_hits,BAL@NYY,HOME,slot 3 (id 592450),0.5,1.024,0.6936
batter_hits,BAL@NYY,HOME,slot 3 (id 592450),1.5,1.024,0.2719
batter_hits,BAL@NYY,HOME,slot 4 (id 641355),0.5,1.104,0.7252
batter_hits,BAL@NYY,HOME,slot 4 (id 641355),1.5,1.104,0.3063
batter_hits,BAL@NYY,HOME,slot 5 (id 665862),0.5,0.836,0.6085
batter_hits,BAL@NYY,HOME,slot 5 (id 665862),1.5,0.836,0.1948
batter_hits,BAL@NYY,HOME,slot 6 (id 691176),0.5,0.98,0.6751
batter_hits,BAL@NYY,HOME,slot 6 (id 691176),1.5,0.98,0.2533
batter_hits,BAL@NYY,HOME,slot 7 (id 669224),0.5,0.812,0.5965
batter_hits,BAL@NYY,HOME,slot 7 (id 669224),1.5,0.812,0.1854
batter_hits,BAL@NYY,HOME,slot 8 (id 641857),0.5,0.599,0.4813
batter_hits,BAL@NYY,HOME,slot 8 (id 641857),1.5,0.599,0.1068
batter_hits,BAL@NYY,HOME,slot 9 (id 676609),0.5,0.907,0.6498
batter_hits,BAL@NYY,HOME,slot 9 (id 676609),1.5,0.907,0.2213
batter_hits,MIL@WSH,AWAY,slot 1 (id 668930),0.5,1.083,0.7173
batter_hits,MIL@WSH,AWAY,slot 1 (id 668930),1.5,1.083,0.2973
batter_hits,MIL@WSH,AWAY,slot 2 (id 661388),0.5,1.147,0.741
batter_hits,MIL@WSH,AWAY,slot 2 (id 661388),1.5,1.147,0.3248
batter_hits,MIL@WSH,AWAY,slot 3 (id 596142),0.5,0.778,0.579
batter_hits,MIL@WSH,AWAY,slot 3 (id 596142),1.5,0.778,0.1724
batter_hits,MIL@WSH,AWAY,slot 4 (id 641343),0.5,0.905,0.6414
batter_hits,MIL@WSH,AWAY,slot 4 (id 641343),1.5,0.905,0.2222
batter_hits,MIL@WSH,AWAY,slot 5 (id 669003),0.5,0.89,0.6344
batter_hits,MIL@WSH,AWAY,slot 5 (id 669003),1.5,0.89,0.2161
batter_hits,MIL@WSH,AWAY,slot 6 (id 663604),0.5,1.001,0.6842
batter_hits,MIL@WSH,AWAY,slot 6 (id 663604),1.5,1.001,0.2623
batter_hits,MIL@WSH,AWAY,slot 7 (id 686217),0.5,0.789,0.5848
batter_hits,MIL@WSH,AWAY,slot 7 (id 686217),1.5,0.789,0.1767
batter_hits,MIL@WSH,AWAY,slot 8 (id 666152),0.5,0.824,0.6092
batter_hits,MIL@WSH,AWAY,slot 8 (id 666152),1.5,0.824,0.188
batter_hits,MIL@WSH,AWAY,slot 9 (id 687401),0.5,0.606,0.4858
batter_hits,MIL@WSH,AWAY,slot 9 (id 687401),1.5,0.606,0.1091
batter_hits,MIL@WSH,HOME,slot 1 (id 695578),0.5,1.457,0.8367
batter_hits,MIL@WSH,HOME,slot 1 (id 695578),1.5,1.457,0.4623
batter_hits,MIL@WSH,HOME,slot 2 (id 671277),0.5,1.457,0.8367
batter_hits,MIL@WSH,HOME,slot 2 (id 671277),1.5,1.457,0.4623
batter_hits,MIL@WSH,HOME,slot 3 (id 696285),0.5,1.476,0.8413
batter_hits,MIL@WSH,HOME,slot 3 (id 696285),1.5,1.476,0.4704
batter_hits,MIL@WSH,HOME,slot 4 (id 682928),0.5,1.769,0.9033
batter_hits,MIL@WSH,HOME,slot 4 (id 682928),1.5,1.769,0.5965
batter_hits,MIL@WSH,HOME,slot 5 (id 695734),0.5,1.543,0.8576
batter_hits,MIL@WSH,HOME,slot 5 (id 695734),1.5,1.543,0.5
batter_hits,MIL@WSH,HOME,slot 6 (id 683083),0.5,1.273,0.7841
batter_hits,MIL@WSH,HOME,slot 6 (id 683083),1.5,1.273,0.3808
batter_hits,MIL@WSH,HOME,slot 7 (id 677588),0.5,1.586,0.8673
batter_hits,MIL@WSH,HOME,slot 7 (id 677588),1.5,1.586,0.5186
batter_hits,MIL@WSH,HOME,slot 8 (id 678391),0.5,1.463,0.8495
batter_hits,MIL@WSH,HOME,slot 8 (id 678391),1.5,1.463,0.4713
batter_hits,MIL@WSH,HOME,slot 9 (id 660688),0.5,0.996,0.6905
batter_hits,MIL@WSH,HOME,slot 9 (id 660688),1.5,0.996,0.2593
batter_hits,SF@TB,AWAY,slot 1 (id 671218),0.5,0.934,0.6546
batter_hits,SF@TB,AWAY,slot 1 (id 671218),1.5,0.934,0.234
batter_hits,SF@TB,AWAY,slot 2 (id 646240),0.5,0.727,0.5517
batter_hits,SF@TB,AWAY,slot 2 (id 646240),1.5,0.727,0.1534
batter_hits,SF@TB,AWAY,slot 3 (id 669477),0.5,1.033,0.6975
batter_hits,SF@TB,AWAY,slot 3 (id 669477),1.5,1.033,0.2759
batter_hits,SF@TB,AWAY,slot 4 (id 650333),0.5,1.092,0.7207
batter_hits,SF@TB,AWAY,slot 4 (id 650333),1.5,1.092,0.3011
batter_hits,SF@TB,AWAY,slot 5 (id 656305),0.5,0.875,0.6275
batter_hits,SF@TB,AWAY,slot 5 (id 656305),1.5,0.875,0.2102
batter_hits,SF@TB,AWAY,slot 6 (id 642715),0.5,0.668,0.5187
batter_hits,SF@TB,AWAY,slot 6 (id 642715),1.5,0.668,0.1325
batter_hits,SF@TB,AWAY,slot 7 (id 808982),0.5,0.992,0.6803
batter_hits,SF@TB,AWAY,slot 7 (id 808982),1.5,0.992,0.2584
batter_hits,SF@TB,AWAY,slot 8 (id 666464),0.5,0.567,0.4611
batter_hits,SF@TB,AWAY,slot 8 (id 666464),1.5,0.567,0.0967
batter_hits,SF@TB,AWAY,slot 9 (id 606992),0.5,0.738,0.5637
batter_hits,SF@TB,AWAY,slot 9 (id 606992),1.5,0.738,0.1554
batter_hits,SF@TB,HOME,slot 1 (id 802415),0.5,1.436,0.8313
batter_hits,SF@TB,HOME,slot 1 (id 802415),1.5,1.436,0.4532
batter_hits,SF@TB,HOME,slot 2 (id 691406),0.5,1.197,0.7589
batter_hits,SF@TB,HOME,slot 2 (id 691406),1.5,1.197,0.347
batter_hits,SF@TB,HOME,slot 3 (id 666018),0.5,1.05,0.7041
batter_hits,SF@TB,HOME,slot 3 (id 666018),1.5,1.05,0.2829
batter_hits,SF@TB,HOME,slot 4 (id 668723),0.5,1.367,0.8124
batter_hits,SF@TB,HOME,slot 4 (id 668723),1.5,1.367,0.4226
batter_hits,SF@TB,HOME,slot 5 (id 641584),0.5,1.133,0.7359
batter_hits,SF@TB,HOME,slot 5 (id 641584),1.5,1.133,0.3187
batter_hits,SF@TB,HOME,slot 6 (id 810938),0.5,1.11,0.7274
batter_hits,SF@TB,HOME,slot 6 (id 810938),1.5,1.11,0.3087
batter_hits,SF@TB,HOME,slot 7 (id 656775),0.5,0.612,0.4855
batter_hits,SF@TB,HOME,slot 7 (id 656775),1.5,0.612,0.1136
batter_hits,SF@TB,HOME,slot 8 (id 663743),0.5,1.043,0.7103
batter_hits,SF@TB,HOME,slot 8 (id 663743),1.5,1.043,0.2797
batter_hits,SF@TB,HOME,slot 9 (id 670764),0.5,0.818,0.606
batter_hits,SF@TB,HOME,slot 9 (id 670764),1.5,0.818,0.1856
batter_hits,PHI@MIA,AWAY,slot 1 (id 607208),0.5,1.171,0.7499
batter_hits,PHI@MIA,AWAY,slot 1 (id 607208),1.5,1.171,0.3356
batter_hits,PHI@MIA,AWAY,slot 2 (id 656941),0.5,1.008,0.687
batter_hits,PHI@MIA,AWAY,slot 2 (id 656941),1.5,1.008,0.2651
batter_hits,PHI@MIA,AWAY,slot 3 (id 547180),0.5,1.229,0.7696
batter_hits,PHI@MIA,AWAY,slot 3 (id 547180),1.5,1.229,0.361
batter_hits,PHI@MIA,AWAY,slot 4 (id 664761),0.5,0.773,0.5763
batter_hits,PHI@MIA,AWAY,slot 4 (id 664761),1.5,0.773,0.1704
batter_hits,PHI@MIA,AWAY,slot 5 (id 669016),0.5,1.459,0.8372
batter_hits,PHI@MIA,AWAY,slot 5 (id 669016),1.5,1.459,0.4632
batter_hits,PHI@MIA,AWAY,slot 6 (id 592663),0.5,1.181,0.7532
batter_hits,PHI@MIA,AWAY,slot 6 (id 592663),1.5,1.181,0.3398
batter_hits,PHI@MIA,AWAY,slot 7 (id 681082),0.5,0.979,0.6747
batter_hits,PHI@MIA,AWAY,slot 7 (id 681082),1.5,0.979,0.253
batter_hits,PHI@MIA,AWAY,slot 8 (id 694025),0.5,1.029,0.7043
batter_hits,PHI@MIA,AWAY,slot 8 (id 694025),1.5,1.029,0.2734
batter_hits,PHI@MIA,AWAY,slot 9 (id 702222),0.5,1.13,0.7444
batter_hits,PHI@MIA,AWAY,slot 9 (id 702222),1.5,1.13,0.3181
batter_hits,PHI@MIA,HOME,slot 1 (id 672640),0.5,1.421,0.8271
batter_hits,PHI@MIA,HOME,slot 1 (id 672640),1.5,1.421,0.4462
batter_hits,PHI@MIA,HOME,slot 2 (id 682663),0.5,1.011,0.6881
batter_hits,PHI@MIA,HOME,slot 2 (id 682663),1.5,1.011,0.2662
batter_hits,PHI@MIA,HOME,slot 3 (id 669065),0.5,0.867,0.6236
batter_hits,PHI@MIA,HOME,slot 3 (id 669065),1.5,0.867,0.207
batter_hits,PHI@MIA,HOME,slot 4 (id 681393),0.5,1.044,0.7019
batter_hits,PHI@MIA,HOME,slot 4 (id 681393),1.5,1.044,0.2806
batter_hits,PHI@MIA,HOME,slot 5 (id 669364),0.5,1.421,0.8271
batter_hits,PHI@MIA,HOME,slot 5 (id 669364),1.5,1.421,0.4462
batter_hits,PHI@MIA,HOME,slot 6 (id 666624),0.5,1.036,0.6985
batter_hits,PHI@MIA,HOME,slot 6 (id 666624),1.5,1.036,0.277
batter_hits,PHI@MIA,HOME,slot 7 (id 677870),0.5,1.036,0.6985
batter_hits,PHI@MIA,HOME,slot 7 (id 677870),1.5,1.036,0.277
batter_hits,PHI@MIA,HOME,slot 8 (id 665923),0.5,0.907,0.6498
batter_hits,PHI@MIA,HOME,slot 8 (id 665923),1.5,0.907,0.2213
batter_hits,PHI@MIA,HOME,slot 9 (id 691594),0.5,1.121,0.7411
batter_hits,PHI@MIA,HOME,slot 9 (id 691594),1.5,1.121,0.3141
batter_hits,LAD@STL,AWAY,slot 1 (id 660271),0.5,1.37,0.8131
batter_hits,LAD@STL,AWAY,slot 1 (id 660271),1.5,1.37,0.4237
batter_hits,LAD@STL,AWAY,slot 2 (id 518692),0.5,1.446,0.8338
batter_hits,LAD@STL,AWAY,slot 2 (id 518692),1.5,1.446,0.4575
batter_hits,LAD@STL,AWAY,slot 3 (id 606192),0.5,1.359,0.81
batter_hits,LAD@STL,AWAY,slot 3 (id 606192),1.5,1.359,0.4189
batter_hits,LAD@STL,AWAY,slot 4 (id 663656),0.5,1.294,0.7905
batter_hits,LAD@STL,AWAY,slot 4 (id 663656),1.5,1.294,0.3899
batter_hits,LAD@STL,AWAY,slot 5 (id 571970),0.5,1.626,0.8758
batter_hits,LAD@STL,AWAY,slot 5 (id 571970),1.5,1.626,0.5358
batter_hits,LAD@STL,AWAY,slot 6 (id 687221),0.5,1.848,0.9163
batter_hits,LAD@STL,AWAY,slot 6 (id 687221),1.5,1.848,0.6286
batter_hits,LAD@STL,AWAY,slot 7 (id 681624),0.5,1.734,0.8971
batter_hits,LAD@STL,AWAY,slot 7 (id 681624),1.5,1.734,0.5819
batter_hits,LAD@STL,AWAY,slot 8 (id 808975),0.5,1.394,0.831
batter_hits,LAD@STL,AWAY,slot 8 (id 808975),1.5,1.394,0.4394
batter_hits,LAD@STL,AWAY,slot 9 (id 690976),0.5,1.146,0.7507
batter_hits,LAD@STL,AWAY,slot 9 (id 690976),1.5,1.146,0.3256
batter_hits,LAD@STL,HOME,slot 1 (id 802139),0.5,0.711,0.5429
batter_hits,LAD@STL,HOME,slot 1 (id 802139),1.5,0.711,0.1477
batter_hits,LAD@STL,HOME,slot 2 (id 671056),0.5,0.765,0.5721
batter_hits,LAD@STL,HOME,slot 2 (id 671056),1.5,0.765,0.1675
batter_hits,LAD@STL,HOME,slot 3 (id 691023),0.5,0.941,0.658
batter_hits,LAD@STL,HOME,slot 3 (id 691023),1.5,0.941,0.2371
batter_hits,LAD@STL,HOME,slot 4 (id 676475),0.5,0.837,0.6088
batter_hits,LAD@STL,HOME,slot 4 (id 676475),1.5,0.837,0.195
batter_hits,LAD@STL,HOME,slot 5 (id 691026),0.5,0.789,0.5846
batter_hits,LAD@STL,HOME,slot 5 (id 691026),1.5,0.789,0.1765
batter_hits,LAD@STL,HOME,slot 6 (id 665877),0.5,0.732,0.5545
batter_hits,LAD@STL,HOME,slot 6 (id 665877),1.5,0.732,0.1553
batter_hits,LAD@STL,HOME,slot 7 (id 701675),0.5,0.708,0.5413
batter_hits,LAD@STL,HOME,slot 7 (id 701675),1.5,0.708,0.1466
batter_hits,LAD@STL,HOME,slot 8 (id 686780),0.5,0.682,0.5319
batter_hits,LAD@STL,HOME,slot 8 (id 686780),1.5,0.682,0.1351
batter_hits,LAD@STL,HOME,slot 9 (id 602104),0.5,0.429,0.3671
batter_hits,LAD@STL,HOME,slot 9 (id 602104),1.5,0.429,0.0578
batter_hits,AZ@CHC,AWAY,slot 1 (id 606466),0.5,1.049,0.7036
batter_hits,AZ@CHC,AWAY,slot 1 (id 606466),1.5,1.049,0.2824
batter_hits,AZ@CHC,AWAY,slot 2 (id 672695),0.5,1.152,0.743
batter_hits,AZ@CHC,AWAY,slot 2 (id 672695),1.5,1.152,0.3272
batter_hits,AZ@CHC,AWAY,slot 3 (id 682998),0.5,1.317,0.7975
batter_hits,AZ@CHC,AWAY,slot 3 (id 682998),1.5,1.317,0.4
batter_hits,AZ@CHC,AWAY,slot 4 (id 545121),0.5,1.824,0.9125
batter_hits,AZ@CHC,AWAY,slot 4 (id 545121),1.5,1.824,0.6189
batter_hits,AZ@CHC,AWAY,slot 5 (id 571448),0.5,1.298,0.7917
batter_hits,AZ@CHC,AWAY,slot 5 (id 571448),1.5,1.298,0.3916
batter_hits,AZ@CHC,AWAY,slot 6 (id 666971),0.5,0.94,0.6577
batter_hits,AZ@CHC,AWAY,slot 6 (id 666971),1.5,0.94,0.2368
batter_hits,AZ@CHC,AWAY,slot 7 (id 672515),0.5,1.147,0.7413
batter_hits,AZ@CHC,AWAY,slot 7 (id 672515),1.5,1.147,0.3251
batter_hits,AZ@CHC,AWAY,slot 8 (id 699912),0.5,1.296,0.8018
batter_hits,AZ@CHC,AWAY,slot 8 (id 699912),1.5,1.296,0.394
batter_hits,AZ@CHC,AWAY,slot 9 (id 678489),0.5,0.86,0.6272
batter_hits,AZ@CHC,AWAY,slot 9 (id 678489),1.5,0.86,0.2023
batter_hits,AZ@CHC,HOME,slot 1 (id 663538),0.5,1.697,0.8901
batter_hits,AZ@CHC,HOME,slot 1 (id 663538),1.5,1.697,0.5663
batter_hits,AZ@CHC,HOME,slot 2 (id 694208),0.5,1.76,0.9017
batter_hits,AZ@CHC,HOME,slot 2 (id 694208),1.5,1.76,0.5926
batter_hits,AZ@CHC,HOME,slot 3 (id 608324),0.5,1.429,0.8292
batter_hits,AZ@CHC,HOME,slot 3 (id 608324),1.5,1.429,0.4497
batter_hits,AZ@CHC,HOME,slot 4 (id 664023),0.5,1.406,0.8231
batter_hits,AZ@CHC,HOME,slot 4 (id 664023),1.5,1.406,0.4396
batter_hits,AZ@CHC,HOME,slot 5 (id 673548),0.5,1.72,0.8944
batter_hits,AZ@CHC,HOME,slot 5 (id 673548),1.5,1.72,0.5759
batter_hits,AZ@CHC,HOME,slot 6 (id 683737),0.5,1.183,0.754
batter_hits,AZ@CHC,HOME,slot 6 (id 683737),1.5,1.183,0.3407
batter_hits,AZ@CHC,HOME,slot 7 (id 608348),0.5,1.806,0.9094
batter_hits,AZ@CHC,HOME,slot 7 (id 608348),1.5,1.806,0.6113
batter_hits,AZ@CHC,HOME,slot 8 (id 691718),0.5,1.18,0.7629
batter_hits,AZ@CHC,HOME,slot 8 (id 691718),1.5,1.18,0.3408
batter_hits,AZ@CHC,HOME,slot 9 (id 621020),0.5,1.095,0.7311
batter_hits,AZ@CHC,HOME,slot 9 (id 621020),1.5,1.095,0.3025
batter_hits,ATL@COL,AWAY,slot 1 (id 643289),0.5,1.033,0.6974
batter_hits,ATL@COL,AWAY,slot 1 (id 643289),1.5,1.033,0.2759
batter_hits,ATL@COL,AWAY,slot 2 (id 686948),0.5,1.177,0.7518
batter_hits,ATL@COL,AWAY,slot 2 (id 686948),1.5,1.177,0.338
batter_hits,ATL@COL,AWAY,slot 3 (id 645277),0.5,1.229,0.7699
batter_hits,ATL@COL,AWAY,slot 3 (id 645277),1.5,1.229,0.3613
batter_hits,ATL@COL,AWAY,slot 4 (id 621566),0.5,1.105,0.7256
batter_hits,ATL@COL,AWAY,slot 4 (id 621566),1.5,1.105,0.3067
batter_hits,ATL@COL,AWAY,slot 5 (id 663586),0.5,0.773,0.5765
batter_hits,ATL@COL,AWAY,slot 5 (id 663586),1.5,0.773,0.1706
batter_hits,ATL@COL,AWAY,slot 6 (id 642201),0.5,0.739,0.5584
batter_hits,ATL@COL,AWAY,slot 6 (id 642201),1.5,0.739,0.1579
batter_hits,ATL@COL,AWAY,slot 7 (id 641680),0.5,0.754,0.5665
batter_hits,ATL@COL,AWAY,slot 7 (id 641680),1.5,0.754,0.1635
batter_hits,ATL@COL,AWAY,slot 8 (id 622761),0.5,0.891,0.6424
batter_hits,ATL@COL,AWAY,slot 8 (id 622761),1.5,0.891,0.2149
batter_hits,ATL@COL,HOME,slot 1 (id 666397),0.5,1.156,0.7444
batter_hits,ATL@COL,HOME,slot 1 (id 666397),1.5,1.156,0.329
batter_hits,ATL@COL,HOME,slot 2 (id 666160),0.5,1.276,0.7849
batter_hits,ATL@COL,HOME,slot 2 (id 666160),1.5,1.276,0.3819
batter_hits,ATL@COL,HOME,slot 3 (id 696100),0.5,1.0,0.6836
batter_hits,ATL@COL,HOME,slot 3 (id 696100),1.5,1.0,0.2617
batter_hits,ATL@COL,HOME,slot 4 (id 681198),0.5,1.016,0.6903
batter_hits,ATL@COL,HOME,slot 4 (id 681198),1.5,1.016,0.2685
batter_hits,ATL@COL,HOME,slot 5 (id 687859),0.5,1.244,0.7746
batter_hits,ATL@COL,HOME,slot 5 (id 687859),1.5,1.244,0.3677
batter_hits,ATL@COL,HOME,slot 6 (id 650489),0.5,0.94,0.6575
batter_hits,ATL@COL,HOME,slot 6 (id 650489),1.5,0.94,0.2367
batter_hits,ATL@COL,HOME,slot 7 (id 664954),0.5,1.144,0.7401
batter_hits,ATL@COL,HOME,slot 7 (id 664954),1.5,1.144,0.3237
batter_hits,ATL@COL,HOME,slot 8 (id 678662),0.5,0.675,0.5279
batter_hits,ATL@COL,HOME,slot 8 (id 678662),1.5,0.675,0.1327
batter_hits,ATL@COL,HOME,slot 9 (id 664983),0.5,0.907,0.6498
batter_hits,ATL@COL,HOME,slot 9 (id 664983),1.5,0.907,0.2213
batter_hits,ATL@COL,HOME,slot 10 (id 607536),0.5,0.98,0.6751
batter_hits,ATL@COL,HOME,slot 10 (id 607536),1.5,0.98,0.2533
batter_tb,TOR@MIN,AWAY,slot 1 (id 682818),1.5,1.44,0.4224
batter_tb,TOR@MIN,AWAY,slot 1 (id 682818),2.5,1.44,0.1766
batter_tb,TOR@MIN,AWAY,slot 1 (id 682818),3.5,1.44,0.0585
batter_tb,TOR@MIN,AWAY,slot 2 (id 672960),1.5,1.62,0.4802
batter_tb,TOR@MIN,AWAY,slot 2 (id 672960),2.5,1.62,0.2208
batter_tb,TOR@MIN,AWAY,slot 2 (id 672960),3.5,1.62,0.081
batter_tb,TOR@MIN,AWAY,slot 3 (id 665489),1.5,1.56,0.4617
batter_tb,TOR@MIN,AWAY,slot 3 (id 665489),2.5,1.56,0.2061
batter_tb,TOR@MIN,AWAY,slot 3 (id 665489),3.5,1.56,0.0733
batter_tb,TOR@MIN,AWAY,slot 4 (id 660821),1.5,1.4,0.409
batter_tb,TOR@MIN,AWAY,slot 4 (id 660821),2.5,1.4,0.1671
batter_tb,TOR@MIN,AWAY,slot 4 (id 660821),3.5,1.4,0.054
batter_tb,TOR@MIN,AWAY,slot 5 (id 672820),1.5,1.37,0.3991
batter_tb,TOR@MIN,AWAY,slot 5 (id 672820),2.5,1.37,0.1602
batter_tb,TOR@MIN,AWAY,slot 5 (id 672820),3.5,1.37,0.0508
batter_tb,TOR@MIN,AWAY,slot 6 (id 662139),1.5,1.42,0.4139
batter_tb,TOR@MIN,AWAY,slot 6 (id 662139),2.5,1.42,0.1705
batter_tb,TOR@MIN,AWAY,slot 6 (id 662139),3.5,1.42,0.0556
batter_tb,TOR@MIN,AWAY,slot 7 (id 676391),1.5,1.49,0.4405
batter_tb,TOR@MIN,AWAY,slot 7 (id 676391),2.5,1.49,0.1899
batter_tb,TOR@MIN,AWAY,slot 7 (id 676391),3.5,1.49,0.065
batter_tb,TOR@MIN,AWAY,slot 8 (id 665926),1.5,1.29,0.3683
batter_tb,TOR@MIN,AWAY,slot 8 (id 665926),2.5,1.29,0.1397
batter_tb,TOR@MIN,AWAY,slot 8 (id 665926),3.5,1.29,0.0417
batter_tb,TOR@MIN,AWAY,slot 9 (id 623168),1.5,0.59,0.1171
batter_tb,TOR@MIN,AWAY,slot 9 (id 623168),2.5,0.59,0.0217
batter_tb,TOR@MIN,AWAY,slot 9 (id 623168),3.5,0.59,0.0031
batter_tb,TOR@MIN,HOME,slot 1 (id 621439),1.5,1.77,0.5281
batter_tb,TOR@MIN,HOME,slot 1 (id 621439),2.5,1.77,0.2613
batter_tb,TOR@MIN,HOME,slot 1 (id 621439),3.5,1.77,0.1039
batter_tb,TOR@MIN,HOME,slot 2 (id 663616),1.5,1.38,0.4017
batter_tb,TOR@MIN,HOME,slot 2 (id 663616),2.5,1.38,0.162
batter_tb,TOR@MIN,HOME,slot 2 (id 663616),3.5,1.38,0.0516
batter_tb,TOR@MIN,HOME,slot 3 (id 668885),1.5,1.42,0.4152
batter_tb,TOR@MIN,HOME,slot 3 (id 668885),2.5,1.42,0.1715
batter_tb,TOR@MIN,HOME,slot 3 (id 668885),3.5,1.42,0.0561
batter_tb,TOR@MIN,HOME,slot 4 (id 605170),1.5,0.86,0.2125
batter_tb,TOR@MIN,HOME,slot 4 (id 605170),2.5,0.86,0.0562
batter_tb,TOR@MIN,HOME,slot 4 (id 605170),3.5,0.86,0.0115
batter_tb,TOR@MIN,HOME,slot 5 (id 807712),1.5,0.91,0.2304
batter_tb,TOR@MIN,HOME,slot 5 (id 807712),2.5,0.91,0.0641
batter_tb,TOR@MIN,HOME,slot 5 (id 807712),3.5,0.91,0.0138
batter_tb,TOR@MIN,HOME,slot 6 (id 665019),1.5,1.18,0.3285
batter_tb,TOR@MIN,HOME,slot 6 (id 665019),2.5,1.18,0.1152
batter_tb,TOR@MIN,HOME,slot 6 (id 665019),3.5,1.18,0.0317
batter_tb,TOR@MIN,HOME,slot 7 (id 668904),1.5,1.12,0.3083
batter_tb,TOR@MIN,HOME,slot 7 (id 668904),2.5,1.12,0.1036
batter_tb,TOR@MIN,HOME,slot 7 (id 668904),3.5,1.12,0.0272
batter_tb,TOR@MIN,HOME,slot 8 (id 670242),1.5,0.78,0.184
batter_tb,TOR@MIN,HOME,slot 8 (id 670242),2.5,0.78,0.0446
batter_tb,TOR@MIN,HOME,slot 8 (id 670242),3.5,0.78,0.0083
batter_tb,TOR@MIN,HOME,slot 9 (id 686797),1.5,1.19,0.3322
batter_tb,TOR@MIN,HOME,slot 9 (id 686797),2.5,1.19,0.1174
batter_tb,TOR@MIN,HOME,slot 9 (id 686797),3.5,1.19,0.0325
batter_tb,HOU@BOS,AWAY,slot 1 (id 621043),1.5,1.42,0.4167
batter_tb,HOU@BOS,AWAY,slot 1 (id 621043),2.5,1.42,0.1725
batter_tb,HOU@BOS,AWAY,slot 1 (id 621043),3.5,1.42,0.0566
batter_tb,HOU@BOS,AWAY,slot 2 (id 670541),1.5,2.2,0.6462
batter_tb,HOU@BOS,AWAY,slot 2 (id 670541),2.5,2.2,0.3781
batter_tb,HOU@BOS,AWAY,slot 2 (id 670541),3.5,2.2,0.1813
batter_tb,HOU@BOS,AWAY,slot 3 (id 670623),1.5,1.27,0.3638
batter_tb,HOU@BOS,AWAY,slot 3 (id 670623),2.5,1.27,0.1369
batter_tb,HOU@BOS,AWAY,slot 3 (id 670623),3.5,1.27,0.0405
batter_tb,HOU@BOS,AWAY,slot 4 (id 572233),1.5,1.86,0.5536
batter_tb,HOU@BOS,AWAY,slot 4 (id 572233),2.5,1.86,0.2844
batter_tb,HOU@BOS,AWAY,slot 4 (id 572233),3.5,1.86,0.1178
batter_tb,HOU@BOS,AWAY,slot 5 (id 514888),1.5,1.25,0.3546
batter_tb,HOU@BOS,AWAY,slot 5 (id 514888),2.5,1.25,0.1311
batter_tb,HOU@BOS,AWAY,slot 5 (id 514888),3.5,1.25,0.0381
batter_tb,HOU@BOS,AWAY,slot 6 (id 694728),1.5,1.39,0.4034
batter_tb,HOU@BOS,AWAY,slot 6 (id 694728),2.5,1.39,0.1632
batter_tb,HOU@BOS,AWAY,slot 6 (id 694728),3.5,1.39,0.0522
batter_tb,HOU@BOS,AWAY,slot 7 (id 701358),1.5,1.2,0.3361
batter_tb,HOU@BOS,AWAY,slot 7 (id 701358),2.5,1.2,0.1197
batter_tb,HOU@BOS,AWAY,slot 7 (id 701358),3.5,1.2,0.0335
batter_tb,HOU@BOS,AWAY,slot 8 (id 543877),1.5,1.46,0.4299
batter_tb,HOU@BOS,AWAY,slot 8 (id 543877),2.5,1.46,0.182
batter_tb,HOU@BOS,AWAY,slot 8 (id 543877),3.5,1.46,0.0611
batter_tb,HOU@BOS,AWAY,slot 9 (id 687957),1.5,0.87,0.2174
batter_tb,HOU@BOS,AWAY,slot 9 (id 687957),2.5,0.87,0.0584
batter_tb,HOU@BOS,AWAY,slot 9 (id 687957),3.5,0.87,0.0121
batter_tb,HOU@BOS,HOME,slot 1 (id 680776),1.5,1.1,0.3004
batter_tb,HOU@BOS,HOME,slot 1 (id 680776),2.5,1.1,0.0993
batter_tb,HOU@BOS,HOME,slot 1 (id 680776),3.5,1.1,0.0256
batter_tb,HOU@BOS,HOME,slot 2 (id 575929),1.5,1.87,0.5585
batter_tb,HOU@BOS,HOME,slot 2 (id 575929),2.5,1.87,0.2889
batter_tb,HOU@BOS,HOME,slot 2 (id 575929),3.5,1.87,0.1207
batter_tb,HOU@BOS,HOME,slot 3 (id 701350),1.5,1.26,0.3605
batter_tb,HOU@BOS,HOME,slot 3 (id 701350),2.5,1.26,0.1348
batter_tb,HOU@BOS,HOME,slot 3 (id 701350),3.5,1.26,0.0396
batter_tb,HOU@BOS,HOME,slot 4 (id 677800),1.5,1.86,0.555
batter_tb,HOU@BOS,HOME,slot 4 (id 677800),2.5,1.86,0.2857
batter_tb,HOU@BOS,HOME,slot 4 (id 677800),3.5,1.86,0.1187
batter_tb,HOU@BOS,HOME,slot 5 (id 655316),1.5,1.53,0.4505
batter_tb,HOU@BOS,HOME,slot 5 (id 655316),2.5,1.53,0.1975
batter_tb,HOU@BOS,HOME,slot 5 (id 655316),3.5,1.53,0.0688
batter_tb,HOU@BOS,HOME,slot 6 (id 691785),1.5,1.4,0.4077
batter_tb,HOU@BOS,HOME,slot 6 (id 691785),2.5,1.4,0.1662
batter_tb,HOU@BOS,HOME,slot 6 (id 691785),3.5,1.4,0.0536
batter_tb,HOU@BOS,HOME,slot 7 (id 678882),1.5,1.47,0.4333
batter_tb,HOU@BOS,HOME,slot 7 (id 678882),2.5,1.47,0.1846
batter_tb,HOU@BOS,HOME,slot 7 (id 678882),3.5,1.47,0.0624
batter_tb,HOU@BOS,HOME,slot 8 (id 665966),1.5,1.2,0.3385
batter_tb,HOU@BOS,HOME,slot 8 (id 665966),2.5,1.2,0.1212
batter_tb,HOU@BOS,HOME,slot 8 (id 665966),3.5,1.2,0.034
batter_tb,HOU@BOS,HOME,slot 9 (id 702332),1.5,0.89,0.2233
batter_tb,HOU@BOS,HOME,slot 9 (id 702332),2.5,0.89,0.061
batter_tb,HOU@BOS,HOME,slot 9 (id 702332),3.5,0.89,0.0129
batter_tb,CIN@PIT,AWAY,slot 1 (id 670770),1.5,1.08,0.2919
batter_tb,CIN@PIT,AWAY,slot 1 (id 670770),2.5,1.08,0.0946
batter_tb,CIN@PIT,AWAY,slot 1 (id 670770),3.5,1.08,0.024
batter_tb,CIN@PIT,AWAY,slot 2 (id 668709),1.5,1.46,0.4291
batter_tb,CIN@PIT,AWAY,slot 2 (id 668709),2.5,1.46,0.1815
batter_tb,CIN@PIT,AWAY,slot 2 (id 668709),3.5,1.46,0.0609
batter_tb,CIN@PIT,AWAY,slot 3 (id 682829),1.5,2.0,0.5937
batter_tb,CIN@PIT,AWAY,slot 3 (id 682829),2.5,2.0,0.323
batter_tb,CIN@PIT,AWAY,slot 3 (id 682829),3.5,2.0,0.1427
batter_tb,CIN@PIT,AWAY,slot 4 (id 701398),1.5,1.91,0.5677
batter_tb,CIN@PIT,AWAY,slot 4 (id 701398),2.5,1.91,0.2977
batter_tb,CIN@PIT,AWAY,slot 4 (id 701398),3.5,1.91,0.1262
batter_tb,CIN@PIT,AWAY,slot 5 (id 663993),1.5,2.26,0.6604
batter_tb,CIN@PIT,AWAY,slot 5 (id 663993),2.5,2.26,0.3939
batter_tb,CIN@PIT,AWAY,slot 5 (id 663993),3.5,2.26,0.193
batter_tb,CIN@PIT,AWAY,slot 6 (id 668715),1.5,1.61,0.4792
batter_tb,CIN@PIT,AWAY,slot 6 (id 668715),2.5,1.61,0.22
batter_tb,CIN@PIT,AWAY,slot 6 (id 668715),3.5,1.61,0.0806
batter_tb,CIN@PIT,AWAY,slot 7 (id 666181),1.5,1.49,0.4389
batter_tb,CIN@PIT,AWAY,slot 7 (id 666181),2.5,1.49,0.1887
batter_tb,CIN@PIT,AWAY,slot 7 (id 666181),3.5,1.49,0.0644
batter_tb,CIN@PIT,AWAY,slot 8 (id 624431),1.5,1.28,0.3656
batter_tb,CIN@PIT,AWAY,slot 8 (id 624431),2.5,1.28,0.138
batter_tb,CIN@PIT,AWAY,slot 8 (id 624431),3.5,1.28,0.041
batter_tb,CIN@PIT,AWAY,slot 9 (id 680574),1.5,0.95,0.2448
batter_tb,CIN@PIT,AWAY,slot 9 (id 680574),2.5,0.95,0.0708
batter_tb,CIN@PIT,AWAY,slot 9 (id 680574),3.5,0.95,0.0159
batter_tb,CIN@PIT,HOME,slot 1 (id 665833),1.5,1.7,0.5061
batter_tb,CIN@PIT,HOME,slot 1 (id 665833),2.5,1.7,0.2422
batter_tb,CIN@PIT,HOME,slot 1 (id 665833),3.5,1.7,0.0929
batter_tb,CIN@PIT,HOME,slot 2 (id 664040),1.5,1.82,0.5431
batter_tb,CIN@PIT,HOME,slot 2 (id 664040),2.5,1.82,0.2748
batter_tb,CIN@PIT,HOME,slot 2 (id 664040),3.5,1.82,0.112
batter_tb,CIN@PIT,HOME,slot 3 (id 668804),1.5,1.49,0.438
batter_tb,CIN@PIT,HOME,slot 3 (id 668804),2.5,1.49,0.188
batter_tb,CIN@PIT,HOME,slot 3 (id 668804),3.5,1.49,0.0641
batter_tb,CIN@PIT,HOME,slot 4 (id 656811),1.5,1.65,0.4923
batter_tb,CIN@PIT,HOME,slot 4 (id 656811),2.5,1.65,0.2306
batter_tb,CIN@PIT,HOME,slot 4 (id 656811),3.5,1.65,0.0864
batter_tb,CIN@PIT,HOME,slot 5 (id 693304),1.5,1.29,0.371
batter_tb,CIN@PIT,HOME,slot 5 (id 693304),2.5,1.29,0.1415
batter_tb,CIN@PIT,HOME,slot 5 (id 693304),3.5,1.29,0.0425
batter_tb,CIN@PIT,HOME,slot 6 (id 542303),1.5,1.01,0.2662
batter_tb,CIN@PIT,HOME,slot 6 (id 542303),2.5,1.01,0.0813
batter_tb,CIN@PIT,HOME,slot 6 (id 542303),3.5,1.01,0.0193
batter_tb,CIN@PIT,HOME,slot 7 (id 687462),1.5,1.29,0.3698
batter_tb,CIN@PIT,HOME,slot 7 (id 687462),2.5,1.29,0.1407
batter_tb,CIN@PIT,HOME,slot 7 (id 687462),3.5,1.29,0.0421
batter_tb,CIN@PIT,HOME,slot 8 (id 804606),1.5,1.16,0.3225
batter_tb,CIN@PIT,HOME,slot 8 (id 804606),2.5,1.16,0.1117
batter_tb,CIN@PIT,HOME,slot 8 (id 804606),3.5,1.16,0.0303
batter_tb,CIN@PIT,HOME,slot 9 (id 663698),1.5,0.87,0.2168
batter_tb,CIN@PIT,HOME,slot 9 (id 663698),2.5,0.87,0.0581
batter_tb,CIN@PIT,HOME,slot 9 (id 663698),3.5,0.87,0.0121
batter_tb,BAL@NYY,AWAY,slot 1 (id 621493),1.5,1.12,0.3082
batter_tb,BAL@NYY,AWAY,slot 1 (id 621493),2.5,1.12,0.1036
batter_tb,BAL@NYY,AWAY,slot 1 (id 621493),3.5,1.12,0.0272
batter_tb,BAL@NYY,AWAY,slot 2 (id 668939),1.5,1.53,0.4521
batter_tb,BAL@NYY,AWAY,slot 2 (id 668939),2.5,1.53,0.1987
batter_tb,BAL@NYY,AWAY,slot 2 (id 668939),3.5,1.53,0.0694
batter_tb,BAL@NYY,AWAY,slot 3 (id 624413),1.5,1.08,0.2928
batter_tb,BAL@NYY,AWAY,slot 3 (id 624413),2.5,1.08,0.0951
batter_tb,BAL@NYY,AWAY,slot 3 (id 624413),3.5,1.08,0.0241
batter_tb,BAL@NYY,AWAY,slot 4 (id 641933),1.5,0.77,0.1805
batter_tb,BAL@NYY,AWAY,slot 4 (id 641933),2.5,0.77,0.0432
batter_tb,BAL@NYY,AWAY,slot 4 (id 641933),3.5,0.77,0.008
batter_tb,BAL@NYY,AWAY,slot 5 (id 691723),1.5,0.81,0.1956
batter_tb,BAL@NYY,AWAY,slot 5 (id 691723),2.5,0.81,0.0492
batter_tb,BAL@NYY,AWAY,slot 5 (id 691723),3.5,0.81,0.0096
batter_tb,BAL@NYY,AWAY,slot 6 (id 665750),1.5,1.14,0.3168
batter_tb,BAL@NYY,AWAY,slot 6 (id 665750),2.5,1.14,0.1085
batter_tb,BAL@NYY,AWAY,slot 6 (id 665750),3.5,1.14,0.0291
batter_tb,BAL@NYY,AWAY,slot 7 (id 669236),1.5,1.21,0.3426
batter_tb,BAL@NYY,AWAY,slot 7 (id 669236),2.5,1.21,0.1237
batter_tb,BAL@NYY,AWAY,slot 7 (id 669236),3.5,1.21,0.035
batter_tb,BAL@NYY,AWAY,slot 8 (id 642215),1.5,0.93,0.2391
batter_tb,BAL@NYY,AWAY,slot 8 (id 642215),2.5,0.93,0.0681
batter_tb,BAL@NYY,AWAY,slot 8 (id 642215),3.5,0.93,0.0151
batter_tb,BAL@NYY,AWAY,slot 9 (id 677942),1.5,0.47,0.0803
batter_tb,BAL@NYY,AWAY,slot 9 (id 677942),2.5,0.47,0.012
batter_tb,BAL@NYY,AWAY,slot 9 (id 677942),3.5,0.47,0.0014
batter_tb,BAL@NYY,HOME,slot 1 (id 663757),1.5,1.46,0.4301
batter_tb,BAL@NYY,HOME,slot 1 (id 663757),2.5,1.46,0.1822
batter_tb,BAL@NYY,HOME,slot 1 (id 663757),3.5,1.46,0.0612
batter_tb,BAL@NYY,HOME,slot 2 (id 700250),1.5,2.87,0.7802
batter_tb,BAL@NYY,HOME,slot 2 (id 700250),2.5,2.87,0.5466
batter_tb,BAL@NYY,HOME,slot 2 (id 700250),3.5,2.87,0.3232
batter_tb,BAL@NYY,HOME,slot 3 (id 592450),1.5,2.43,0.6976
batter_tb,BAL@NYY,HOME,slot 3 (id 592450),2.5,2.43,0.4376
batter_tb,BAL@NYY,HOME,slot 3 (id 592450),3.5,2.43,0.2271
batter_tb,BAL@NYY,HOME,slot 4 (id 641355),1.5,1.93,0.5753
batter_tb,BAL@NYY,HOME,slot 4 (id 641355),2.5,1.93,0.3049
batter_tb,BAL@NYY,HOME,slot 4 (id 641355),3.5,1.93,0.1308
batter_tb,BAL@NYY,HOME,slot 5 (id 665862),1.5,1.32,0.3802
batter_tb,BAL@NYY,HOME,slot 5 (id 665862),2.5,1.32,0.1475
batter_tb,BAL@NYY,HOME,slot 5 (id 665862),3.5,1.32,0.0451
batter_tb,BAL@NYY,HOME,slot 6 (id 691176),1.5,1.62,0.4815
batter_tb,BAL@NYY,HOME,slot 6 (id 691176),2.5,1.62,0.2218
batter_tb,BAL@NYY,HOME,slot 6 (id 691176),3.5,1.62,0.0816
batter_tb,BAL@NYY,HOME,slot 7 (id 669224),1.5,1.35,0.3915
batter_tb,BAL@NYY,HOME,slot 7 (id 669224),2.5,1.35,0.155
batter_tb,BAL@NYY,HOME,slot 7 (id 669224),3.5,1.35,0.0485
batter_tb,BAL@NYY,HOME,slot 8 (id 641857),1.5,0.92,0.235
batter_tb,BAL@NYY,HOME,slot 8 (id 641857),2.5,0.92,0.0663
batter_tb,BAL@NYY,HOME,slot 8 (id 641857),3.5,0.92,0.0145
batter_tb,BAL@NYY,HOME,slot 9 (id 676609),1.5,1.44,0.4214
batter_tb,BAL@NYY,HOME,slot 9 (id 676609),2.5,1.44,0.1759
batter_tb,BAL@NYY,HOME,slot 9 (id 676609),3.5,1.44,0.0582
batter_tb,MIL@WSH,AWAY,slot 1 (id 668930),1.5,1.83,0.5454
batter_tb,MIL@WSH,AWAY,slot 1 (id 668930),2.5,1.83,0.2768
batter_tb,MIL@WSH,AWAY,slot 1 (id 668930),3.5,1.83,0.1132
batter_tb,MIL@WSH,AWAY,slot 2 (id 661388),1.5,1.65,0.4896
batter_tb,MIL@WSH,AWAY,slot 2 (id 661388),2.5,1.65,0.2284
batter_tb,MIL@WSH,AWAY,slot 2 (id 661388),3.5,1.65,0.0852
batter_tb,MIL@WSH,AWAY,slot 3 (id 596142),1.5,1.84,0.5475
batter_tb,MIL@WSH,AWAY,slot 3 (id 596142),2.5,1.84,0.2788
batter_tb,MIL@WSH,AWAY,slot 3 (id 596142),3.5,1.84,0.1144
batter_tb,MIL@WSH,AWAY,slot 4 (id 641343),1.5,1.6,0.4753
batter_tb,MIL@WSH,AWAY,slot 4 (id 641343),2.5,1.6,0.2168
batter_tb,MIL@WSH,AWAY,slot 4 (id 641343),3.5,1.6,0.0789
batter_tb,MIL@WSH,AWAY,slot 5 (id 669003),1.5,1.35,0.3925
batter_tb,MIL@WSH,AWAY,slot 5 (id 669003),2.5,1.35,0.1557
batter_tb,MIL@WSH,AWAY,slot 5 (id 669003),3.5,1.35,0.0488
batter_tb,MIL@WSH,AWAY,slot 6 (id 663604),1.5,1.15,0.318
batter_tb,MIL@WSH,AWAY,slot 6 (id 663604),2.5,1.15,0.1091
batter_tb,MIL@WSH,AWAY,slot 6 (id 663604),3.5,1.15,0.0293
batter_tb,MIL@WSH,AWAY,slot 7 (id 686217),1.5,1.2,0.3382
batter_tb,MIL@WSH,AWAY,slot 7 (id 686217),2.5,1.2,0.121
batter_tb,MIL@WSH,AWAY,slot 7 (id 686217),3.5,1.2,0.034
batter_tb,MIL@WSH,AWAY,slot 8 (id 666152),1.5,0.91,0.2295
batter_tb,MIL@WSH,AWAY,slot 8 (id 666152),2.5,0.91,0.0638
batter_tb,MIL@WSH,AWAY,slot 8 (id 666152),3.5,0.91,0.0137
batter_tb,MIL@WSH,AWAY,slot 9 (id 687401),1.5,0.61,0.1238
batter_tb,MIL@WSH,AWAY,slot 9 (id 687401),2.5,0.61,0.0237
batter_tb,MIL@WSH,AWAY,slot 9 (id 687401),3.5,0.61,0.0035
batter_tb,MIL@WSH,HOME,slot 1 (id 695578),1.5,3.2,0.8291
batter_tb,MIL@WSH,HOME,slot 1 (id 695578),2.5,3.2,0.6205
batter_tb,MIL@WSH,HOME,slot 1 (id 695578),3.5,3.2,0.3979
batter_tb,MIL@WSH,HOME,slot 2 (id 671277),1.5,2.1,0.6204
batter_tb,MIL@WSH,HOME,slot 2 (id 671277),2.5,2.1,0.3504
batter_tb,MIL@WSH,HOME,slot 2 (id 671277),3.5,2.1,0.1614
batter_tb,MIL@WSH,HOME,slot 3 (id 696285),1.5,2.1,0.6204
batter_tb,MIL@WSH,HOME,slot 3 (id 696285),2.5,2.1,0.3504
batter_tb,MIL@WSH,HOME,slot 3 (id 696285),3.5,2.1,0.1614
batter_tb,MIL@WSH,HOME,slot 4 (id 682928),1.5,3.28,0.8384
batter_tb,MIL@WSH,HOME,slot 4 (id 682928),2.5,3.28,0.6356
batter_tb,MIL@WSH,HOME,slot 4 (id 682928),3.5,3.28,0.4142
batter_tb,MIL@WSH,HOME,slot 5 (id 695734),1.5,2.31,0.6724
batter_tb,MIL@WSH,HOME,slot 5 (id 695734),2.5,2.31,0.4077
batter_tb,MIL@WSH,HOME,slot 5 (id 695734),3.5,2.31,0.2036
batter_tb,MIL@WSH,HOME,slot 6 (id 683083),1.5,1.34,0.3876
batter_tb,MIL@WSH,HOME,slot 6 (id 683083),2.5,1.34,0.1524
batter_tb,MIL@WSH,HOME,slot 6 (id 683083),3.5,1.34,0.0473
batter_tb,MIL@WSH,HOME,slot 7 (id 677588),1.5,2.16,0.6344
batter_tb,MIL@WSH,HOME,slot 7 (id 677588),2.5,2.16,0.3652
batter_tb,MIL@WSH,HOME,slot 7 (id 677588),3.5,2.16,0.1719
batter_tb,MIL@WSH,HOME,slot 8 (id 678391),1.5,1.7,0.5079
batter_tb,MIL@WSH,HOME,slot 8 (id 678391),2.5,1.7,0.2437
batter_tb,MIL@WSH,HOME,slot 8 (id 678391),3.5,1.7,0.0937
batter_tb,MIL@WSH,HOME,slot 9 (id 660688),1.5,1.63,0.486
batter_tb,MIL@WSH,HOME,slot 9 (id 660688),2.5,1.63,0.2254
batter_tb,MIL@WSH,HOME,slot 9 (id 660688),3.5,1.63,0.0836
batter_tb,SF@TB,AWAY,slot 1 (id 671218),1.5,1.4,0.4089
batter_tb,SF@TB,AWAY,slot 1 (id 671218),2.5,1.4,0.167
batter_tb,SF@TB,AWAY,slot 1 (id 671218),3.5,1.4,0.054
batter_tb,SF@TB,AWAY,slot 2 (id 646240),1.5,1.02,0.2728
batter_tb,SF@TB,AWAY,slot 2 (id 646240),2.5,1.02,0.0846
batter_tb,SF@TB,AWAY,slot 2 (id 646240),3.5,1.02,0.0204
batter_tb,SF@TB,AWAY,slot 3 (id 669477),1.5,1.79,0.5346
batter_tb,SF@TB,AWAY,slot 3 (id 669477),2.5,1.79,0.2671
batter_tb,SF@TB,AWAY,slot 3 (id 669477),3.5,1.79,0.1073
batter_tb,SF@TB,AWAY,slot 4 (id 650333),1.5,1.34,0.3873
batter_tb,SF@TB,AWAY,slot 4 (id 650333),2.5,1.34,0.1522
batter_tb,SF@TB,AWAY,slot 4 (id 650333),3.5,1.34,0.0472
batter_tb,SF@TB,AWAY,slot 5 (id 656305),1.5,1.17,0.3282
batter_tb,SF@TB,AWAY,slot 5 (id 656305),2.5,1.17,0.1151
batter_tb,SF@TB,AWAY,slot 5 (id 656305),3.5,1.17,0.0316
batter_tb,SF@TB,AWAY,slot 6 (id 642715),1.5,1.17,0.3282
batter_tb,SF@TB,AWAY,slot 6 (id 642715),2.5,1.17,0.1151
batter_tb,SF@TB,AWAY,slot 6 (id 642715),3.5,1.17,0.0316
batter_tb,SF@TB,AWAY,slot 7 (id 808982),1.5,1.46,0.4289
batter_tb,SF@TB,AWAY,slot 7 (id 808982),2.5,1.46,0.1813
batter_tb,SF@TB,AWAY,slot 7 (id 808982),3.5,1.46,0.0608
batter_tb,SF@TB,AWAY,slot 8 (id 666464),1.5,0.66,0.1421
batter_tb,SF@TB,AWAY,slot 8 (id 666464),2.5,0.66,0.0295
batter_tb,SF@TB,AWAY,slot 8 (id 666464),3.5,0.66,0.0047
batter_tb,SF@TB,AWAY,slot 9 (id 606992),1.5,1.22,0.3449
batter_tb,SF@TB,AWAY,slot 9 (id 606992),2.5,1.22,0.1251
batter_tb,SF@TB,AWAY,slot 9 (id 606992),3.5,1.22,0.0356
batter_tb,SF@TB,HOME,slot 1 (id 802415),1.5,1.62,0.4817
batter_tb,SF@TB,HOME,slot 1 (id 802415),2.5,1.62,0.222
batter_tb,SF@TB,HOME,slot 1 (id 802415),3.5,1.62,0.0817
batter_tb,SF@TB,HOME,slot 2 (id 691406),1.5,2.32,0.6738
batter_tb,SF@TB,HOME,slot 2 (id 691406),2.5,2.32,0.4094
batter_tb,SF@TB,HOME,slot 2 (id 691406),3.5,2.32,0.2048
batter_tb,SF@TB,HOME,slot 3 (id 666018),1.5,2.06,0.6095
batter_tb,SF@TB,HOME,slot 3 (id 666018),2.5,2.06,0.339
batter_tb,SF@TB,HOME,slot 3 (id 666018),3.5,2.06,0.1535
batter_tb,SF@TB,HOME,slot 4 (id 668723),1.5,1.62,0.4802
batter_tb,SF@TB,HOME,slot 4 (id 668723),2.5,1.62,0.2208
batter_tb,SF@TB,HOME,slot 4 (id 668723),3.5,1.62,0.081
batter_tb,SF@TB,HOME,slot 5 (id 641584),1.5,1.98,0.5897
batter_tb,SF@TB,HOME,slot 5 (id 641584),2.5,1.98,0.3191
batter_tb,SF@TB,HOME,slot 5 (id 641584),3.5,1.98,0.1401
batter_tb,SF@TB,HOME,slot 6 (id 810938),1.5,1.5,0.4409
batter_tb,SF@TB,HOME,slot 6 (id 810938),2.5,1.5,0.1902
batter_tb,SF@TB,HOME,slot 6 (id 810938),3.5,1.5,0.0652
batter_tb,SF@TB,HOME,slot 7 (id 656775),1.5,1.08,0.2944
batter_tb,SF@TB,HOME,slot 7 (id 656775),2.5,1.08,0.096
batter_tb,SF@TB,HOME,slot 7 (id 656775),3.5,1.08,0.0244
batter_tb,SF@TB,HOME,slot 8 (id 663743),1.5,1.44,0.4227
batter_tb,SF@TB,HOME,slot 8 (id 663743),2.5,1.44,0.1768
batter_tb,SF@TB,HOME,slot 8 (id 663743),3.5,1.44,0.0586
batter_tb,SF@TB,HOME,slot 9 (id 670764),1.5,1.01,0.2669
batter_tb,SF@TB,HOME,slot 9 (id 670764),2.5,1.01,0.0816
batter_tb,SF@TB,HOME,slot 9 (id 670764),3.5,1.01,0.0194
batter_tb,PHI@MIA,AWAY,slot 1 (id 607208),1.5,1.8,0.5357
batter_tb,PHI@MIA,AWAY,slot 1 (id 607208),2.5,1.8,0.2681
batter_tb,PHI@MIA,AWAY,slot 1 (id 607208),3.5,1.8,0.1079
batter_tb,PHI@MIA,AWAY,slot 2 (id 656941),1.5,2.66,0.7447
batter_tb,PHI@MIA,AWAY,slot 2 (id 656941),2.5,2.66,0.4975
batter_tb,PHI@MIA,AWAY,slot 2 (id 656941),3.5,2.66,0.278
batter_tb,PHI@MIA,AWAY,slot 3 (id 547180),1.5,2.3,0.669
batter_tb,PHI@MIA,AWAY,slot 3 (id 547180),2.5,2.3,0.4037
batter_tb,PHI@MIA,AWAY,slot 3 (id 547180),3.5,2.3,0.2005
batter_tb,PHI@MIA,AWAY,slot 4 (id 664761),1.5,1.03,0.2742
batter_tb,PHI@MIA,AWAY,slot 4 (id 664761),2.5,1.03,0.0854
batter_tb,PHI@MIA,AWAY,slot 4 (id 664761),3.5,1.03,0.0207
batter_tb,PHI@MIA,AWAY,slot 5 (id 669016),1.5,2.3,0.6701
batter_tb,PHI@MIA,AWAY,slot 5 (id 669016),2.5,2.3,0.405
batter_tb,PHI@MIA,AWAY,slot 5 (id 669016),3.5,2.3,0.2015
batter_tb,PHI@MIA,AWAY,slot 6 (id 592663),1.5,1.6,0.4746
batter_tb,PHI@MIA,AWAY,slot 6 (id 592663),2.5,1.6,0.2162
batter_tb,PHI@MIA,AWAY,slot 6 (id 592663),3.5,1.6,0.0786
batter_tb,PHI@MIA,AWAY,slot 7 (id 681082),1.5,1.44,0.4235
batter_tb,PHI@MIA,AWAY,slot 7 (id 681082),2.5,1.44,0.1774
batter_tb,PHI@MIA,AWAY,slot 7 (id 681082),3.5,1.44,0.0589
batter_tb,PHI@MIA,AWAY,slot 8 (id 694025),1.5,1.7,0.5071
batter_tb,PHI@MIA,AWAY,slot 8 (id 694025),2.5,1.7,0.243
batter_tb,PHI@MIA,AWAY,slot 8 (id 694025),3.5,1.7,0.0933
batter_tb,PHI@MIA,AWAY,slot 9 (id 702222),1.5,1.58,0.4683
batter_tb,PHI@MIA,AWAY,slot 9 (id 702222),2.5,1.58,0.2113
batter_tb,PHI@MIA,AWAY,slot 9 (id 702222),3.5,1.58,0.076
batter_tb,PHI@MIA,HOME,slot 1 (id 672640),1.5,2.11,0.624
batter_tb,PHI@MIA,HOME,slot 1 (id 672640),2.5,2.11,0.3542
batter_tb,PHI@MIA,HOME,slot 1 (id 672640),3.5,2.11,0.1641
batter_tb,PHI@MIA,HOME,slot 2 (id 682663),1.5,1.51,0.4468
batter_tb,PHI@MIA,HOME,slot 2 (id 682663),2.5,1.51,0.1946
batter_tb,PHI@MIA,HOME,slot 2 (id 682663),3.5,1.51,0.0674
batter_tb,PHI@MIA,HOME,slot 3 (id 669065),1.5,1.15,0.3208
batter_tb,PHI@MIA,HOME,slot 3 (id 669065),2.5,1.15,0.1108
batter_tb,PHI@MIA,HOME,slot 3 (id 669065),3.5,1.15,0.0299
batter_tb,PHI@MIA,HOME,slot 4 (id 681393),1.5,1.74,0.5197
batter_tb,PHI@MIA,HOME,slot 4 (id 681393),2.5,1.74,0.2539
batter_tb,PHI@MIA,HOME,slot 4 (id 681393),3.5,1.74,0.0996
batter_tb,PHI@MIA,HOME,slot 5 (id 669364),1.5,2.01,0.5963
batter_tb,PHI@MIA,HOME,slot 5 (id 669364),2.5,2.01,0.3256
batter_tb,PHI@MIA,HOME,slot 5 (id 669364),3.5,2.01,0.1444
batter_tb,PHI@MIA,HOME,slot 6 (id 666624),1.5,1.71,0.5106
batter_tb,PHI@MIA,HOME,slot 6 (id 666624),2.5,1.71,0.2461
batter_tb,PHI@MIA,HOME,slot 6 (id 666624),3.5,1.71,0.0951
batter_tb,PHI@MIA,HOME,slot 7 (id 677870),1.5,1.71,0.5106
batter_tb,PHI@MIA,HOME,slot 7 (id 677870),2.5,1.71,0.2461
batter_tb,PHI@MIA,HOME,slot 7 (id 677870),3.5,1.71,0.0951
batter_tb,PHI@MIA,HOME,slot 8 (id 665923),1.5,1.5,0.4417
batter_tb,PHI@MIA,HOME,slot 8 (id 665923),2.5,1.5,0.1908
batter_tb,PHI@MIA,HOME,slot 8 (id 665923),3.5,1.5,0.0655
batter_tb,PHI@MIA,HOME,slot 9 (id 691594),1.5,1.29,0.3688
batter_tb,PHI@MIA,HOME,slot 9 (id 691594),2.5,1.29,0.14
batter_tb,PHI@MIA,HOME,slot 9 (id 691594),3.5,1.29,0.0419
batter_tb,LAD@STL,AWAY,slot 1 (id 660271),1.5,2.47,0.7061
batter_tb,LAD@STL,AWAY,slot 1 (id 660271),2.5,2.47,0.448
batter_tb,LAD@STL,AWAY,slot 1 (id 660271),3.5,2.47,0.2357
batter_tb,LAD@STL,AWAY,slot 2 (id 518692),1.5,2.23,0.6538
batter_tb,LAD@STL,AWAY,slot 2 (id 518692),2.5,2.23,0.3865
batter_tb,LAD@STL,AWAY,slot 2 (id 518692),3.5,2.23,0.1875
batter_tb,LAD@STL,AWAY,slot 3 (id 606192),1.5,2.2,0.6446
batter_tb,LAD@STL,AWAY,slot 3 (id 606192),2.5,2.2,0.3763
batter_tb,LAD@STL,AWAY,slot 3 (id 606192),3.5,2.2,0.1799
batter_tb,LAD@STL,AWAY,slot 4 (id 663656),1.5,1.96,0.5838
batter_tb,LAD@STL,AWAY,slot 4 (id 663656),2.5,1.96,0.3132
batter_tb,LAD@STL,AWAY,slot 4 (id 663656),3.5,1.96,0.1362
batter_tb,LAD@STL,AWAY,slot 5 (id 571970),1.5,3.25,0.8354
batter_tb,LAD@STL,AWAY,slot 5 (id 571970),2.5,3.25,0.6307
batter_tb,LAD@STL,AWAY,slot 5 (id 571970),3.5,3.25,0.4089
batter_tb,LAD@STL,AWAY,slot 6 (id 687221),1.5,4.51,0.9395
batter_tb,LAD@STL,AWAY,slot 6 (id 687221),2.5,4.51,0.8278
batter_tb,LAD@STL,AWAY,slot 6 (id 687221),3.5,4.51,0.6598
batter_tb,LAD@STL,AWAY,slot 7 (id 681624),1.5,2.74,0.7585
batter_tb,LAD@STL,AWAY,slot 7 (id 681624),2.5,2.74,0.5162
batter_tb,LAD@STL,AWAY,slot 7 (id 681624),3.5,2.74,0.2948
batter_tb,LAD@STL,AWAY,slot 8 (id 808975),1.5,1.89,0.563
batter_tb,LAD@STL,AWAY,slot 8 (id 808975),2.5,1.89,0.2932
batter_tb,LAD@STL,AWAY,slot 8 (id 808975),3.5,1.89,0.1234
batter_tb,LAD@STL,AWAY,slot 9 (id 690976),1.5,1.57,0.4637
batter_tb,LAD@STL,AWAY,slot 9 (id 690976),2.5,1.57,0.2077
batter_tb,LAD@STL,AWAY,slot 9 (id 690976),3.5,1.57,0.0741
batter_tb,LAD@STL,HOME,slot 1 (id 802139),1.5,1.33,0.3826
batter_tb,LAD@STL,HOME,slot 1 (id 802139),2.5,1.33,0.149
batter_tb,LAD@STL,HOME,slot 1 (id 802139),3.5,1.33,0.0458
batter_tb,LAD@STL,HOME,slot 2 (id 671056),1.5,1.28,0.3646
batter_tb,LAD@STL,HOME,slot 2 (id 671056),2.5,1.28,0.1373
batter_tb,LAD@STL,HOME,slot 2 (id 671056),3.5,1.28,0.0407
batter_tb,LAD@STL,HOME,slot 3 (id 691023),1.5,1.81,0.5394
batter_tb,LAD@STL,HOME,slot 3 (id 691023),2.5,1.81,0.2714
batter_tb,LAD@STL,HOME,slot 3 (id 691023),3.5,1.81,0.1099
batter_tb,LAD@STL,HOME,slot 4 (id 676475),1.5,1.41,0.4117
batter_tb,LAD@STL,HOME,slot 4 (id 676475),2.5,1.41,0.169
batter_tb,LAD@STL,HOME,slot 4 (id 676475),3.5,1.41,0.0549
batter_tb,LAD@STL,HOME,slot 5 (id 691026),1.5,1.1,0.3008
batter_tb,LAD@STL,HOME,slot 5 (id 691026),2.5,1.1,0.0995
batter_tb,LAD@STL,HOME,slot 5 (id 691026),3.5,1.1,0.0257
batter_tb,LAD@STL,HOME,slot 6 (id 665877),1.5,1.21,0.341
batter_tb,LAD@STL,HOME,slot 6 (id 665877),2.5,1.21,0.1227
batter_tb,LAD@STL,HOME,slot 6 (id 665877),3.5,1.21,0.0346
batter_tb,LAD@STL,HOME,slot 7 (id 701675),1.5,1.28,0.3678
batter_tb,LAD@STL,HOME,slot 7 (id 701675),2.5,1.28,0.1394
batter_tb,LAD@STL,HOME,slot 7 (id 701675),3.5,1.28,0.0416
batter_tb,LAD@STL,HOME,slot 8 (id 686780),1.5,1.14,0.3146
batter_tb,LAD@STL,HOME,slot 8 (id 686780),2.5,1.14,0.1072
batter_tb,LAD@STL,HOME,slot 8 (id 686780),3.5,1.14,0.0286
batter_tb,LAD@STL,HOME,slot 9 (id 602104),1.5,0.85,0.2111
batter_tb,LAD@STL,HOME,slot 9 (id 602104),2.5,0.85,0.0556
batter_tb,LAD@STL,HOME,slot 9 (id 602104),3.5,0.85,0.0113
batter_tb,AZ@CHC,AWAY,slot 1 (id 606466),1.5,1.75,0.5219
batter_tb,AZ@CHC,AWAY,slot 1 (id 606466),2.5,1.75,0.2558
batter_tb,AZ@CHC,AWAY,slot 1 (id 606466),3.5,1.75,0.1007
batter_tb,AZ@CHC,AWAY,slot 2 (id 672695),1.5,1.87,0.5581
batter_tb,AZ@CHC,AWAY,slot 2 (id 672695),2.5,1.87,0.2886
batter_tb,AZ@CHC,AWAY,slot 2 (id 672695),3.5,1.87,0.1205
batter_tb,AZ@CHC,AWAY,slot 3 (id 682998),1.5,2.51,0.714
batter_tb,AZ@CHC,AWAY,slot 3 (id 682998),2.5,2.51,0.4578
batter_tb,AZ@CHC,AWAY,slot 3 (id 682998),3.5,2.51,0.2437
batter_tb,AZ@CHC,AWAY,slot 4 (id 545121),1.5,3.16,0.8241
batter_tb,AZ@CHC,AWAY,slot 4 (id 545121),2.5,3.16,0.6126
batter_tb,AZ@CHC,AWAY,slot 4 (id 545121),3.5,3.16,0.3896
batter_tb,AZ@CHC,AWAY,slot 5 (id 571448),1.5,2.06,0.6099
batter_tb,AZ@CHC,AWAY,slot 5 (id 571448),2.5,2.06,0.3394
batter_tb,AZ@CHC,AWAY,slot 5 (id 571448),3.5,2.06,0.1538
batter_tb,AZ@CHC,AWAY,slot 6 (id 666971),1.5,1.18,0.3285
batter_tb,AZ@CHC,AWAY,slot 6 (id 666971),2.5,1.18,0.1152
batter_tb,AZ@CHC,AWAY,slot 6 (id 666971),3.5,1.18,0.0317
batter_tb,AZ@CHC,AWAY,slot 7 (id 672515),1.5,1.67,0.4986
batter_tb,AZ@CHC,AWAY,slot 7 (id 672515),2.5,1.67,0.2359
batter_tb,AZ@CHC,AWAY,slot 7 (id 672515),3.5,1.67,0.0893
batter_tb,AZ@CHC,AWAY,slot 8 (id 699912),1.5,1.85,0.5511
batter_tb,AZ@CHC,AWAY,slot 8 (id 699912),2.5,1.85,0.2821
batter_tb,AZ@CHC,AWAY,slot 8 (id 699912),3.5,1.85,0.1164
batter_tb,AZ@CHC,AWAY,slot 9 (id 678489),1.5,1.72,0.5129
batter_tb,AZ@CHC,AWAY,slot 9 (id 678489),2.5,1.72,0.248
batter_tb,AZ@CHC,AWAY,slot 9 (id 678489),3.5,1.72,0.0962
batter_tb,AZ@CHC,HOME,slot 1 (id 663538),1.5,2.63,0.7392
batter_tb,AZ@CHC,HOME,slot 1 (id 663538),2.5,2.63,0.4901
batter_tb,AZ@CHC,HOME,slot 1 (id 663538),3.5,2.63,0.2715
batter_tb,AZ@CHC,HOME,slot 2 (id 694208),1.5,3.22,0.8318
batter_tb,AZ@CHC,HOME,slot 2 (id 694208),2.5,3.22,0.6248
batter_tb,AZ@CHC,HOME,slot 2 (id 694208),3.5,3.22,0.4026
batter_tb,AZ@CHC,HOME,slot 3 (id 608324),1.5,2.08,0.6152
batter_tb,AZ@CHC,HOME,slot 3 (id 608324),2.5,2.08,0.345
batter_tb,AZ@CHC,HOME,slot 3 (id 608324),3.5,2.08,0.1576
batter_tb,AZ@CHC,HOME,slot 4 (id 664023),1.5,2.95,0.7939
batter_tb,AZ@CHC,HOME,slot 4 (id 664023),2.5,2.95,0.5665
batter_tb,AZ@CHC,HOME,slot 4 (id 664023),3.5,2.95,0.3425
batter_tb,AZ@CHC,HOME,slot 5 (id 673548),1.5,2.98,0.7974
batter_tb,AZ@CHC,HOME,slot 5 (id 673548),2.5,2.98,0.5717
batter_tb,AZ@CHC,HOME,slot 5 (id 673548),3.5,2.98,0.3476
batter_tb,AZ@CHC,HOME,slot 6 (id 683737),1.5,1.75,0.5217
batter_tb,AZ@CHC,HOME,slot 6 (id 683737),2.5,1.75,0.2557
batter_tb,AZ@CHC,HOME,slot 6 (id 683737),3.5,1.75,0.1006
batter_tb,AZ@CHC,HOME,slot 7 (id 608348),1.5,2.53,0.7191
batter_tb,AZ@CHC,HOME,slot 7 (id 608348),2.5,2.53,0.4642
batter_tb,AZ@CHC,HOME,slot 7 (id 608348),3.5,2.53,0.2492
batter_tb,AZ@CHC,HOME,slot 8 (id 691718),1.5,1.75,0.5221
batter_tb,AZ@CHC,HOME,slot 8 (id 691718),2.5,1.75,0.256
batter_tb,AZ@CHC,HOME,slot 8 (id 691718),3.5,1.75,0.1008
batter_tb,AZ@CHC,HOME,slot 9 (id 621020),1.5,2.15,0.6318
batter_tb,AZ@CHC,HOME,slot 9 (id 621020),2.5,2.15,0.3625
batter_tb,AZ@CHC,HOME,slot 9 (id 621020),3.5,2.15,0.1699
batter_tb,ATL@COL,AWAY,slot 1 (id 643289),1.5,1.61,0.4784
batter_tb,ATL@COL,AWAY,slot 1 (id 643289),2.5,1.61,0.2193
batter_tb,ATL@COL,AWAY,slot 1 (id 643289),3.5,1.61,0.0803
batter_tb,ATL@COL,AWAY,slot 2 (id 686948),1.5,1.97,0.5855
batter_tb,ATL@COL,AWAY,slot 2 (id 686948),2.5,1.97,0.3148
batter_tb,ATL@COL,AWAY,slot 2 (id 686948),3.5,1.97,0.1373
batter_tb,ATL@COL,AWAY,slot 3 (id 645277),1.5,2.06,0.6088
batter_tb,ATL@COL,AWAY,slot 3 (id 645277),2.5,2.06,0.3383
batter_tb,ATL@COL,AWAY,slot 3 (id 645277),3.5,2.06,0.153
batter_tb,ATL@COL,AWAY,slot 4 (id 621566),1.5,2.41,0.6937
batter_tb,ATL@COL,AWAY,slot 4 (id 621566),2.5,2.41,0.4329
batter_tb,ATL@COL,AWAY,slot 4 (id 621566),3.5,2.41,0.2234
batter_tb,ATL@COL,AWAY,slot 5 (id 663586),1.5,1.3,0.3749
batter_tb,ATL@COL,AWAY,slot 5 (id 663586),2.5,1.3,0.144
batter_tb,ATL@COL,AWAY,slot 5 (id 663586),3.5,1.3,0.0436
batter_tb,ATL@COL,AWAY,slot 6 (id 642201),1.5,1.31,0.3776
batter_tb,ATL@COL,AWAY,slot 6 (id 642201),2.5,1.31,0.1458
batter_tb,ATL@COL,AWAY,slot 6 (id 642201),3.5,1.31,0.0443
batter_tb,ATL@COL,AWAY,slot 7 (id 641680),1.5,1.08,0.2931
batter_tb,ATL@COL,AWAY,slot 7 (id 641680),2.5,1.08,0.0953
batter_tb,ATL@COL,AWAY,slot 7 (id 641680),3.5,1.08,0.0242
batter_tb,ATL@COL,AWAY,slot 8 (id 622761),1.5,1.34,0.3861
batter_tb,ATL@COL,AWAY,slot 8 (id 622761),2.5,1.34,0.1514
batter_tb,ATL@COL,AWAY,slot 8 (id 622761),3.5,1.34,0.0468
batter_tb,ATL@COL,HOME,slot 1 (id 666397),1.5,1.69,0.503
batter_tb,ATL@COL,HOME,slot 1 (id 666397),2.5,1.69,0.2396
batter_tb,ATL@COL,HOME,slot 1 (id 666397),3.5,1.69,0.0914
batter_tb,ATL@COL,HOME,slot 2 (id 666160),1.5,2.68,0.7477
batter_tb,ATL@COL,HOME,slot 2 (id 666160),2.5,2.68,0.5015
batter_tb,ATL@COL,HOME,slot 2 (id 666160),3.5,2.68,0.2815
batter_tb,ATL@COL,HOME,slot 3 (id 696100),1.5,2.17,0.6386
batter_tb,ATL@COL,HOME,slot 3 (id 696100),2.5,2.17,0.3698
batter_tb,ATL@COL,HOME,slot 3 (id 696100),3.5,2.17,0.1752
batter_tb,ATL@COL,HOME,slot 4 (id 681198),1.5,1.57,0.466
batter_tb,ATL@COL,HOME,slot 4 (id 681198),2.5,1.57,0.2094
batter_tb,ATL@COL,HOME,slot 4 (id 681198),3.5,1.57,0.075
batter_tb,ATL@COL,HOME,slot 5 (id 687859),1.5,1.79,0.5336
batter_tb,ATL@COL,HOME,slot 5 (id 687859),2.5,1.79,0.2662
batter_tb,ATL@COL,HOME,slot 5 (id 687859),3.5,1.79,0.1068
batter_tb,ATL@COL,HOME,slot 6 (id 650489),1.5,1.32,0.3788
batter_tb,ATL@COL,HOME,slot 6 (id 650489),2.5,1.32,0.1466
batter_tb,ATL@COL,HOME,slot 6 (id 650489),3.5,1.32,0.0447
batter_tb,ATL@COL,HOME,slot 7 (id 664954),1.5,1.63,0.4853
batter_tb,ATL@COL,HOME,slot 7 (id 664954),2.5,1.63,0.2249
batter_tb,ATL@COL,HOME,slot 7 (id 664954),3.5,1.63,0.0833
batter_tb,ATL@COL,HOME,slot 8 (id 678662),1.5,1.0,0.2646
batter_tb,ATL@COL,HOME,slot 8 (id 678662),2.5,1.0,0.0805
batter_tb,ATL@COL,HOME,slot 8 (id 678662),3.5,1.0,0.019
batter_tb,ATL@COL,HOME,slot 9 (id 664983),1.5,1.33,0.3825
batter_tb,ATL@COL,HOME,slot 9 (id 664983),2.5,1.33,0.149
batter_tb,ATL@COL,HOME,slot 9 (id 664983),3.5,1.33,0.0458
batter_tb,ATL@COL,HOME,slot 10 (id 607536),1.5,1.62,0.4815
batter_tb,ATL@COL,HOME,slot 10 (id 607536),2.5,1.62,0.2218
batter_tb,ATL@COL,HOME,slot 10 (id 607536),3.5,1.62,0.0816
